[
  {
    "lat": 47.570294,
    "long":18.975167
  },
  {
    "lat": 47.575414,
    "long": 18.957601
  },
  {
    "lat": 47.577516,
    "long": 18.944283
  },
  {
    "lat": 47.588182,
    "long": 18.965011
  },
  {
    "lat": 47.560654,
    "long": 18.993516
  },
  {
    "lat": 47.578545,
    "long": 18.979268
  },
  {
    "lat": 47.515691, "long":18.956119
  },
  {
    "lat":47.539875, "long":18.995258

  },
  {
    "lat": 47.477174, "long":19.107302

  },
  {
    "lat": 47.465422,
    "long":19.205353
  }
]