[
  {
    "lat": 47.551958,
    "long": 18.878972
  },
  {
    "lat": 47.53388,
    "long": 18.955544
  },
  {
    "lat": 47.698396,
    "long": 18.957296,
  },
  {
    "lat": 47.738098,
    "long": 19.017539
  },
  {
    "lat": 47.742545,
    "long": 18.77114
  },
  {
    "lat": 47.768662,
    "long": 18.799985
  },
  {
    "lat": 47.776708,
    "long": 18.995459
  },
  {
    "lat": 47.630279,
    "long":18.975406
  },
  {
    "lat": 47.590927,
    "long": 18.907771
  },
  {
    "lat": 47.695799,
    "long": 18.986049
  },
  {
    "lat": 47.582797,
    "long": 18.916354
  },
  {
    "lat": 47.668209,
    "long": 18.925967
  }
]
