[
  {
    "name": "pin01",
    "value": {
      "animals_ground": "🐂 🦔 🐖 ",
      "animals_sky": "🦆 🐦 🐤",
      "animals_water": "🐟",
      "coordinates": {
        "lat": "47.378124",
        "lng": "18.836858"
      },
      "restrictions_ground":
      "Construction on both sides of the road. The building area around the selected site should not exceed 100 square kilometres",
      "restrictions_sky":
      "Birds often fly over the fields, including seasonal migrations. Construction above 100m is prohibited.",
      "restrictions_water": "Underground rivers in this area flow into larger water bodies.",
      "to_build_here": [
        {
          "name": "Fish ladder",
          "value": 1.2,
          "img": "http://lwts.ru/fishLadder.jpg"
        },
        {
          "name": "Green roof",
          "value": 3.7,
          "img": "http://lwts.ru/greenRoof.jpg"
        },
        {
          "name": "Overpass",
          "value": 2.4,
          "img": "http://lwts.ru/overpass.jpg"
        },
        {
          "name": "Tunnel",
          "value": 1.9,
          "img": "http://lwts.ru/tunnel.jpg"
        }
      ]
    }
  },
  {
    "name": "pin02",
    "value": {
      "animals_ground": "🦌 🦊 🐰 🐂 🐕 🐂 🐎 🐖 ",
      "animals_sky": "🦆 🦅 🦉 🐦 🕊",
      "animals_water": "🦆 🦅 🦉 🐦 🕊",
      "coordinates": {
        "lat": 47.435478,
        "lng": 19.319249
      },
      "restrictions_ground": "Construction on both sides of the road. The building area around the selected site should not exceed 100 square kilometres",
      "restrictions_sky": "There are a lot of birds living here who use trees as their home. Deforestation is prohibited here.",
      "restrictions_water": "There is no restrictions.",
      "to_build_here": [
        {
          "name": "Fish ladder",
          "value": 1.2,
          "img": "http://lwts.ru/fishLadder.jpg"
        },
        {
          "name": "Green roof",
          "value": 3.7,
          "img": "http://lwts.ru/greenRoof.jpg"
        },
        {
          "name": "Overpass",
          "value": 2.4,
          "img": "http://lwts.ru/overpass.jpg"
        },
        {
          "name": "Tunnel",
          "value": 1.9,
          "img": "http://lwts.ru/tunnel.jpg"
        }
      ]
    }
  },
  {
    "name": "pin01",
    "value": {
      "animals_ground": "🦌 🦊 🐰 🐂 🐿 🦔 🐂 🐖",
      "animals_sky": "🦢 🐦 🦆 🦅 🐓",
      "animals_water": "🐠 🐟 🐡 🦀",
      "coordinates": {
        "lat": "47.61653",
        "lng": "19.086392"
      },
      "restrictions_ground": "Due to the forest near the proposed development site, threats to the local flora are possible. There are a lot of animals living here who use trees as their home. Deforestation is prohibited here.",
      "restrictions_sky": "Near the forest. Birds often nest in the forest, which limits noise.",
      "restrictions_water": "There's a river nearby. In this zone, emissions into water bodies are controlled. Additional financial investments may be required.",
      "to_build_here": [
        {
          "name": "Fish ladder",
          "value": 6.2,
          "img": "http://lwts.ru/fishLadder.jpg"
        },
        {
          "name": "Green roof",
          "value": 4.7,
          "img": "http://lwts.ru/greenRoof.jpg"
        },
        {
          "name": "Tunnel",
          "value": 5.9,
          "img": "http://lwts.ru/tunnel.jpg"
        }
      ]
    }
  }
]