[
  {
    "lat": 47.549683,
    "long":19.060325
  },
  {
    "lat": 47.453133,
    "long":19.056034
  },
  {
    "lat": 47.403858,
    "long": 19.038696
  },
  {
    "lat": 47.374947,
    "long": 18.966083
  },
  {
    "lat": 47.558892,
    "long":18.975088
  },
  {
    "lat":47.560598,
    "long":18.980157
  },
  {
    "lat": 47.534484,
    "long": 18.958378
  },
  {
    "lat": 46.883025,
    "long": 18.938479
  },
  {
    "lat": 46.853533,
    "long": 18.924746
  },
  {
    "lat": 46.806921,
    "long":18.937976
  },
  {
    "lat": 46.787647,
    "long": 18.963211
  },
  {
    "lat": 46.913409,
    "long": 18.962961
  },
  {
    "lat": 46.947746,
    "long": 18.962617
  },
  {
    "lat": 46.973117,
    "long": 18.962918
  }
]